标题,时间,来源,总来源,关键词,正文字数,正文,关键词所在句,正文（含cls和sep）,关键词所在句（含cls和sep）
碳酸锂上下游博弈加剧 沪铝依然高位震荡,2024-03-26 07:53:12,新浪网,和讯网,锂/铝/铁,1006,作者：华安期货。铝：本周市场铜出现高位震荡走势，短期有滞涨趋势，周内涨跌幅为-1.15%。沪铝涨幅为0.54%。铜铝比为3.69，历史分位数为0.893。中游铝加工企业开工继续恢复(但整体开工依然低于20-23年)，社会库存维持累库但幅度放缓接近年内峰值，叠加供给端的高开工，依然维持对当前基本。面偏弱格局的判断。铝土矿-电解铝:河南和山西地区氧化铝产能逐渐复产，主因进口矿的到位。云南地区小部分产能复产，成为支持西南地区氧化铝需求的阶段性主因，但北方地区现货价格开始小幅下行。国内政策:市场关注前期发行国债能否在三月经济生产中实际形成增量，带动低库存行业企业补库形成微观层面的实际增量。交易层面:铜铝比为3.69.历史分位数为0.893，下周可能随着沪铜回调，出现下降。综上，随着市场对通胀预期的抬升，沪铜开始出现拉升，但其他金属并未跟随，本周依然在高位震荡。短期无法明确观察到基本面边际改善对当前高铝价形成支撑，谨防下周回调。碳酸锂：价格：上周五碳酸锂主力合约收盘跌2.68%至11.435万元/吨。现货价格方面，据Mysteel，电池级碳酸锂市场价持稳在11.4万元/吨，工业级碳酸锂市场价持稳在10.8万元/吨，电池级氢氧化锂市场价涨500元/吨至10.48万元/吨，连续合约基差500元/吨。供需：矿价日内暂稳。进口工碳陆续到港，补充供应。材料方面，铁锂正极跟涨锂盐及磷酸铁的幅度不足，仍难减轻铁锂厂商的压力。现货方面博弈激烈，盐厂及贸易商因前期成本较高，观望待涨情绪较浓；下游仍以刚需采购为主，且受近期供应放量预期影响，多有等跌补库心态。消息面，中国化学(601117)与物理电源行业协会数据出炉，2024年1-2月我国锂离子电池累积出口额为87.24亿美元，同比减少14.9%；2024年1-2月我国锂离子电池累积出口数量为5.95亿个，同比增长10.4%。3月22日，智利SQM表示，与智利国家铜业公司(Codelco)的锂矿谈判进展正常，双方正在进行资产、业务、合同的审计。SQM将其Maricunga金矿的权利转让给Codelco，预计2025-2030年生产配额为22.5万吨/年。盘面来看，上周五主力合约震荡走弱，午盘跌幅进一步加深。进口锂盐陆续到港补充供应，且仓单即将集中注销，供应端存在放量预期，上下游博弈加剧。关注碳酸锂供应边际改善情况，及持货商心态。（责任编辑：曹言言HA008）,碳酸锂：价格：上周五碳酸锂主力合约收盘跌2.68%至11.435万元/吨。现货价格方面，据Mysteel，电池级碳酸锂市场价持稳在11.4万元/吨，工业级碳酸锂市场价持稳在10.8万元/吨，电池级氢氧化锂市场价涨500元/吨至10.48万元/吨，连续合约基差500元/吨。材料方面，铁锂正极跟涨锂盐及磷酸铁的幅度不足，仍难减轻铁锂厂商的压力。消息面，中国化学(601117)与物理电源行业协会数据出炉，2024年1-2月我国锂离子电池累积出口额为87.24亿美元，同比减少14.9%；2024年1-2月我国锂离子电池累积出口数量为5.95亿个，同比增长10.4%。3月22日，智利SQM表示，与智利国家铜业公司(Codelco)的锂矿谈判进展正常，双方正在进行资产、业务、合同的审计。进口锂盐陆续到港补充供应，且仓单即将集中注销，供应端存在放量预期，上下游博弈加剧。关注碳酸锂供应边际改善情况，及持货商心态。,[CLS]作者：华安期货。[SEP]铝：本周市场铜出现高位震荡走势，短期有滞涨趋势，周内涨跌幅为-1.15%。[SEP]沪铝涨幅为0.54%。[SEP]铜铝比为3.69，历史分位数为0.893。[SEP]中游铝加工企业开工继续恢复(但整体开工依然低于20-23年)，社会库存维持累库但幅度放缓接近年内峰值，叠加供给端的高开工，依然维持对当前基本。[SEP]面偏弱格局的判断。[SEP]铝土矿-电解铝:河南和山西地区氧化铝产能逐渐复产，主因进口矿的到位。[SEP]云南地区小部分产能复产，成为支持西南地区氧化铝需求的阶段性主因，但北方地区现货价格开始小幅下行。[SEP]国内政策:市场关注前期发行国债能否在三月经济生产中实际形成增量，带动低库存行业企业补库形成微观层面的实际增量。[SEP]交易层面:铜铝比为3.69.历史分位数为0.893，下周可能随着沪铜回调，出现下降。[SEP]综上，随着市场对通胀预期的抬升，沪铜开始出现拉升，但其他金属并未跟随，本周依然在高位震荡。[SEP]短期无法明确观察到基本面边际改善对当前高铝价形成支撑，谨防下周回调。[SEP]碳酸锂：价格：上周五碳酸锂主力合约收盘跌2.68%至11.435万元/吨。[SEP]现货价格方面，据Mysteel，电池级碳酸锂市场价持稳在11.4万元/吨，工业级碳酸锂市场价持稳在10.8万元/吨，电池级氢氧化锂市场价涨500元/吨至10.48万元/吨，连续合约基差500元/吨。[SEP]供需：矿价日内暂稳。[SEP]进口工碳陆续到港，补充供应。[SEP]材料方面，铁锂正极跟涨锂盐及磷酸铁的幅度不足，仍难减轻铁锂厂商的压力。[SEP]现货方面博弈激烈，盐厂及贸易商因前期成本较高，观望待涨情绪较浓；[SEP]下游仍以刚需采购为主，且受近期供应放量预期影响，多有等跌补库心态。[SEP]消息面，中国化学(601117)与物理电源行业协会数据出炉，2024年1-2月我国锂离子电池累积出口额为87.24亿美元，同比减少14.9%；[SEP]2024年1-2月我国锂离子电池累积出口数量为5.95亿个，同比增长10.4%。[SEP]3月22日，智利SQM表示，与智利国家铜业公司(Codelco)的锂矿谈判进展正常，双方正在进行资产、业务、合同的审计。[SEP]SQM将其Maricunga金矿的权利转让给Codelco，预计2025-2030年生产配额为22.5万吨/年。[SEP]盘面来看，上周五主力合约震荡走弱，午盘跌幅进一步加深。[SEP]进口锂盐陆续到港补充供应，且仓单即将集中注销，供应端存在放量预期，上下游博弈加剧。[SEP]关注碳酸锂供应边际改善情况，及持货商心态。[SEP]（责任编辑：曹言言HA008）[SEP],[CLS]碳酸锂：价格：上周五碳酸锂主力合约收盘跌2.68%至11.435万元/吨。[SEP]现货价格方面，据Mysteel，电池级碳酸锂市场价持稳在11.4万元/吨，工业级碳酸锂市场价持稳在10.8万元/吨，电池级氢氧化锂市场价涨500元/吨至10.48万元/吨，连续合约基差500元/吨。[SEP]材料方面，铁锂正极跟涨锂盐及磷酸铁的幅度不足，仍难减轻铁锂厂商的压力。[SEP]消息面，中国化学(601117)与物理电源行业协会数据出炉，2024年1-2月我国锂离子电池累积出口额为87.24亿美元，同比减少14.9%；[SEP]2024年1-2月我国锂离子电池累积出口数量为5.95亿个，同比增长10.4%。[SEP]3月22日，智利SQM表示，与智利国家铜业公司(Codelco)的锂矿谈判进展正常，双方正在进行资产、业务、合同的审计。[SEP]进口锂盐陆续到港补充供应，且仓单即将集中注销，供应端存在放量预期，上下游博弈加剧。[SEP]关注碳酸锂供应边际改善情况，及持货商心态。[SEP]
后期压力将逐步显现 碳酸锂主力卖保头寸继续持有,2024-03-25 08:32:17,新浪网,和讯网,锂/镍/铝,653,作者：方正中期期货。【行情复盘】周四碳酸锂期货盘面震荡偏强，主力合约2407涨1.34%收于117350元。【重要资讯】现货：3月21日富宝碳酸锂指数报112333元/吨，持平；电池级碳酸锂报115000元/吨，持平；工业级碳酸锂（综合）报110000元/吨，持平；电池级碳酸锂长协均价104250元/吨，上涨200元/吨。氢氧化锂指数报97167元/吨，持平。锂辉石（非洲SC5%）报450美元/吨，持平；锂辉石（中国CIF6%）报1100美元/吨，持平；锂辉石指数（5％≤Li2O＜6％）报8750元/吨，持平；锂云母指数（2％≤Li2O＜4％）报3380元/吨，持平；磷锂铝石（7％≤Li2O＜8％）报9925元/吨，持平；富锂铝电解质指数（1.5%≤Li2O＜5%）报3030元/吨，持平。【市场逻辑】过去两周环保传言及3-4月行业排产回升预期对市场有一定影响。市场价格走高后，春节后季节性因素及利润驱动辉石料企业开工率快速上扬；近期期货盘面套保盘增多，后期压力将逐步显现。【交易策略】碳酸锂主力合约卖保头寸继续持有。硫酸镍：硫酸镍延续偏强运行，当前在镍链条中处于相对偏紧环节。原料端偏紧及价格走升继续对硫酸镍形成成本支撑。当前MHP系数依然处于高位，对LME镍80-81系数。下游对三月底四月初原料备采相对积极，因此，供应偏紧节点，成本端对镍盐价格上行驱动力仍存。一、碳酸锂产业链现货价格。二、碳酸锂产供需存情况。三、碳酸锂下游产品基本面状况。四、镍产业链基本面数据（责任编辑：曹言言HA008）,【行情复盘】周四碳酸锂期货盘面震荡偏强，主力合约2407涨1.34%收于117350元。【重要资讯】现货：3月21日富宝碳酸锂指数报112333元/吨，持平；电池级碳酸锂报115000元/吨，持平；工业级碳酸锂（综合）报110000元/吨，持平；电池级碳酸锂长协均价104250元/吨，上涨200元/吨。氢氧化锂指数报97167元/吨，持平。锂辉石（非洲SC5%）报450美元/吨，持平；锂辉石（中国CIF6%）报1100美元/吨，持平；锂辉石指数（5％≤Li2O＜6％）报8750元/吨，持平；锂云母指数（2％≤Li2O＜4％）报3380元/吨，持平；磷锂铝石（7％≤Li2O＜8％）报9925元/吨，持平；富锂铝电解质指数（1.5%≤Li2O＜5%）报3030元/吨，持平。【交易策略】碳酸锂主力合约卖保头寸继续持有。一、碳酸锂产业链现货价格。二、碳酸锂产供需存情况。三、碳酸锂下游产品基本面状况。,[CLS]作者：方正中期期货。[SEP]【行情复盘】周四碳酸锂期货盘面震荡偏强，主力合约2407涨1.34%收于117350元。[SEP]【重要资讯】现货：3月21日富宝碳酸锂指数报112333元/吨，持平；[SEP]电池级碳酸锂报115000元/吨，持平；[SEP]工业级碳酸锂（综合）报110000元/吨，持平；[SEP]电池级碳酸锂长协均价104250元/吨，上涨200元/吨。[SEP]氢氧化锂指数报97167元/吨，持平。[SEP]锂辉石（非洲SC5%）报450美元/吨，持平；[SEP]锂辉石（中国CIF6%）报1100美元/吨，持平；[SEP]锂辉石指数（5％≤Li2O＜6％）报8750元/吨，持平；[SEP]锂云母指数（2％≤Li2O＜4％）报3380元/吨，持平；[SEP]磷锂铝石（7％≤Li2O＜8％）报9925元/吨，持平；[SEP]富锂铝电解质指数（1.5%≤Li2O＜5%）报3030元/吨，持平。[SEP]【市场逻辑】过去两周环保传言及3-4月行业排产回升预期对市场有一定影响。[SEP]市场价格走高后，春节后季节性因素及利润驱动辉石料企业开工率快速上扬；[SEP]近期期货盘面套保盘增多，后期压力将逐步显现。[SEP]【交易策略】碳酸锂主力合约卖保头寸继续持有。[SEP]硫酸镍：硫酸镍延续偏强运行，当前在镍链条中处于相对偏紧环节。[SEP]原料端偏紧及价格走升继续对硫酸镍形成成本支撑。[SEP]当前MHP系数依然处于高位，对LME镍80-81系数。[SEP]下游对三月底四月初原料备采相对积极，因此，供应偏紧节点，成本端对镍盐价格上行驱动力仍存。[SEP]一、碳酸锂产业链现货价格。[SEP]二、碳酸锂产供需存情况。[SEP]三、碳酸锂下游产品基本面状况。[SEP]四、镍产业链基本面数据（责任编辑：曹言言HA008）[SEP],[CLS]【行情复盘】周四碳酸锂期货盘面震荡偏强，主力合约2407涨1.34%收于117350元。[SEP]【重要资讯】现货：3月21日富宝碳酸锂指数报112333元/吨，持平；[SEP]电池级碳酸锂报115000元/吨，持平；[SEP]工业级碳酸锂（综合）报110000元/吨，持平；[SEP]电池级碳酸锂长协均价104250元/吨，上涨200元/吨。[SEP]氢氧化锂指数报97167元/吨，持平。[SEP]锂辉石（非洲SC5%）报450美元/吨，持平；[SEP]锂辉石（中国CIF6%）报1100美元/吨，持平；[SEP]锂辉石指数（5％≤Li2O＜6％）报8750元/吨，持平；[SEP]锂云母指数（2％≤Li2O＜4％）报3380元/吨，持平；[SEP]磷锂铝石（7％≤Li2O＜8％）报9925元/吨，持平；[SEP]富锂铝电解质指数（1.5%≤Li2O＜5%）报3030元/吨，持平。[SEP]【交易策略】碳酸锂主力合约卖保头寸继续持有。[SEP]一、碳酸锂产业链现货价格。[SEP]二、碳酸锂产供需存情况。[SEP]三、碳酸锂下游产品基本面状况。[SEP]
上海钢联发布数据显示，今日电池级碳酸锂价格较上次持平，均价报11.35万元/吨,2024-03-22 13:42:35,每日经济新闻,和讯网,锂,82,每经AI快讯，3月22日，上海钢联(300226)发布数据显示，今日电池级碳酸锂价格较上次持平，均价报11.35万元/吨。每日经济新闻（责任编辑：王治强HF013）,每经AI快讯，3月22日，上海钢联(300226)发布数据显示，今日电池级碳酸锂价格较上次持平，均价报11.35万元/吨。,[CLS]每经AI快讯，3月22日，上海钢联(300226)发布数据显示，今日电池级碳酸锂价格较上次持平，均价报11.35万元/吨。[SEP]每日经济新闻（责任编辑：王治强HF013）[SEP],[CLS]每经AI快讯，3月22日，上海钢联(300226)发布数据显示，今日电池级碳酸锂价格较上次持平，均价报11.35万元/吨。[SEP]
“铜博士”股期联动上涨 终端承接力仍存隐忧,2024-03-21 00:00:00,证券时报,和讯网,锂/镍/铝,1569,证券时报记者沈宁。3月以来，铜价走出一轮快速上涨行情，国内期货价格站上7万元关口。与此同时，相关公司股价也是连续大涨。以高盛为代表的机构预计，“铜博士”或将开启新一轮周期性上涨。尽管市场上涨声一片，但记者在采访中发现，由供给端推动的本轮铜价大涨，正在考验产业链下游对高价原料的承接力，而已经创出十年新低的冶炼加工费，更是给眼前的“繁荣”带来几分忧虑。铜价连续大涨。大宗商品市场上，铜接力黄金大涨，成为近期各方关注的焦点。3月19日，沪铜期货主力合约日内一度冲高至73900元/吨，创出2022年4月以来新高。截至3月20日下午收盘，沪铜期货主力合约收报72620元/吨，3月以来累计涨幅达到5.26%。海外市场上，伦敦金属交易所（LME）铜价日前曾经突破9000美元/吨。国信期货有色首席分析师顾冯达指出，本轮铜价加速上涨突破的背后，是宏观经济环境、传统旺季预期及市场利好题材集中爆发等多种因素共同推动。从宏观面来看，无论是3月全国两会上中央强调我国稳经济扩内需、货币和财政政策保持中性宽松，还是在产业政策领域强调“新质生产力”、制造业促升级调结构和绿色低碳降低能耗，均对与新能源新基建及绿色转型升级概念高度相关的有色铜板块带来了景气度走高的推动。“从供需淡旺季来看，3月恰逢我国以铜为首的有色实体企业由传统淡季转向消费旺季的重要转折期，而受益于产业结构绿色化转型及有色重要下游领域的家电、汽车以旧换新政策落地，有色板块的旺季预期受到进一步刺激，推动有色市场重现‘煤飞色舞’的春季躁动行情，但更多预期验证需要等到4月下旬至5月才能明确，因此本轮铜市上涨的驱动力至少将持续至4月底左右。”顾冯达称。推升板块整体上行。铜价上涨还带动了相关股票价格上涨。Wind数据显示，中信有色金属指数2月探底后连续两月上涨，截至3月20日，年内涨幅达到7.29%。铜业相关个股也表现突出，北方铜业昨日涨停，年内上涨32.24%；紫金矿业(601899)本月上涨近20%，年内上涨24.48%，股价创出历史新高。高盛分析师在研报中指出，全球制造业复苏周期渐进展现，预示着大宗金属需求有望步入新的上行周期。中国“双碳”政策持续支撑绿色经济相关原材料需求，以及欧洲地区制造业复苏带动下的成本刺激效应，铜、铝等金属将逐步进入供需缺口阶段，价格表现可期，未来一年有望分别上涨25%、9%左右。近期，国内不少券商也针对铜板块和有色行业发布推荐报告，认为供应缺口将推升铜价上行，从而提升相关公司业绩。值得注意的是，今年以来大宗商品总体表现较为强势，国内原油价格年内涨幅已超15%，海外金价最高曾突破2200美元/盎司，有色金属方面碳酸锂、镍、铜等也都表现不俗。下游承接力成新焦点。“今年铜价上涨，主要是由海外铜精矿供应问题引发。从国内看，春节后下游复工复产相对不错，但最近一轮上涨后，不少下游企业已经对高价铜原料选择观望，采购订单有所下降。”某大型铜贸易企业向记者表示。东证衍生品研究院指出，铜市弱现实担忧仍在，铜价高位运行叠加终端需求恢复节奏偏慢，下游补库相对谨慎，从而造成国内显性库存继续上升，市场对库存短期担忧，一定程度上抑制盘面及现货升贴水上升，预计现货升贴水短期承压运行的可能性更大，下游需求的边际变化值得继续关注。此外，近期铜冶炼加工费的下滑同样令人担忧。据了解，目前我国进口铜精矿现货加工费在短短四个月内暴跌了80%以上，从2023年四季度接近90美元/吨的高于年度长单水平，跌至3月中旬10美元/吨左右的历史低值水平。根据业内的最新调研信息显示，考虑现金成本后，中国铜冶炼厂的加工费盈亏平衡点一般位于60美元/吨以上，目前铜精矿现货加工费大幅低于盈亏平衡点，原料紧张供给及生产亏损加大，或将倒逼我国铜冶炼厂加大检修被动减产。（责任编辑：王治强HF013）,值得注意的是，今年以来大宗商品总体表现较为强势，国内原油价格年内涨幅已超15%，海外金价最高曾突破2200美元/盎司，有色金属方面碳酸锂、镍、铜等也都表现不俗。,[CLS]证券时报记者沈宁。[SEP]3月以来，铜价走出一轮快速上涨行情，国内期货价格站上7万元关口。[SEP]与此同时，相关公司股价也是连续大涨。[SEP]以高盛为代表的机构预计，“铜博士”或将开启新一轮周期性上涨。[SEP]尽管市场上涨声一片，但记者在采访中发现，由供给端推动的本轮铜价大涨，正在考验产业链下游对高价原料的承接力，而已经创出十年新低的冶炼加工费，更是给眼前的“繁荣”带来几分忧虑。[SEP]铜价连续大涨。[SEP]大宗商品市场上，铜接力黄金大涨，成为近期各方关注的焦点。[SEP]3月19日，沪铜期货主力合约日内一度冲高至73900元/吨，创出2022年4月以来新高。[SEP]截至3月20日下午收盘，沪铜期货主力合约收报72620元/吨，3月以来累计涨幅达到5.26%。[SEP]海外市场上，伦敦金属交易所（LME）铜价日前曾经突破9000美元/吨。[SEP]国信期货有色首席分析师顾冯达指出，本轮铜价加速上涨突破的背后，是宏观经济环境、传统旺季预期及市场利好题材集中爆发等多种因素共同推动。[SEP]从宏观面来看，无论是3月全国两会上中央强调我国稳经济扩内需、货币和财政政策保持中性宽松，还是在产业政策领域强调“新质生产力”、制造业促升级调结构和绿色低碳降低能耗，均对与新能源新基建及绿色转型升级概念高度相关的有色铜板块带来了景气度走高的推动。[SEP]“从供需淡旺季来看，3月恰逢我国以铜为首的有色实体企业由传统淡季转向消费旺季的重要转折期，而受益于产业结构绿色化转型及有色重要下游领域的家电、汽车以旧换新政策落地，有色板块的旺季预期受到进一步刺激，推动有色市场重现‘煤飞色舞’的春季躁动行情，但更多预期验证需要等到4月下旬至5月才能明确，因此本轮铜市上涨的驱动力至少将持续至4月底左右。[SEP]”顾冯达称。[SEP]推升板块整体上行。[SEP]铜价上涨还带动了相关股票价格上涨。[SEP]Wind数据显示，中信有色金属指数2月探底后连续两月上涨，截至3月20日，年内涨幅达到7.29%。[SEP]铜业相关个股也表现突出，北方铜业昨日涨停，年内上涨32.24%；[SEP]紫金矿业(601899)本月上涨近20%，年内上涨24.48%，股价创出历史新高。[SEP]高盛分析师在研报中指出，全球制造业复苏周期渐进展现，预示着大宗金属需求有望步入新的上行周期。[SEP]中国“双碳”政策持续支撑绿色经济相关原材料需求，以及欧洲地区制造业复苏带动下的成本刺激效应，铜、铝等金属将逐步进入供需缺口阶段，价格表现可期，未来一年有望分别上涨25%、9%左右。[SEP]近期，国内不少券商也针对铜板块和有色行业发布推荐报告，认为供应缺口将推升铜价上行，从而提升相关公司业绩。[SEP]值得注意的是，今年以来大宗商品总体表现较为强势，国内原油价格年内涨幅已超15%，海外金价最高曾突破2200美元/盎司，有色金属方面碳酸锂、镍、铜等也都表现不俗。[SEP]下游承接力成新焦点。[SEP]“今年铜价上涨，主要是由海外铜精矿供应问题引发。[SEP]从国内看，春节后下游复工复产相对不错，但最近一轮上涨后，不少下游企业已经对高价铜原料选择观望，采购订单有所下降。[SEP]”某大型铜贸易企业向记者表示。[SEP]东证衍生品研究院指出，铜市弱现实担忧仍在，铜价高位运行叠加终端需求恢复节奏偏慢，下游补库相对谨慎，从而造成国内显性库存继续上升，市场对库存短期担忧，一定程度上抑制盘面及现货升贴水上升，预计现货升贴水短期承压运行的可能性更大，下游需求的边际变化值得继续关注。[SEP]此外，近期铜冶炼加工费的下滑同样令人担忧。[SEP]据了解，目前我国进口铜精矿现货加工费在短短四个月内暴跌了80%以上，从2023年四季度接近90美元/吨的高于年度长单水平，跌至3月中旬10美元/吨左右的历史低值水平。[SEP]根据业内的最新调研信息显示，考虑现金成本后，中国铜冶炼厂的加工费盈亏平衡点一般位于60美元/吨以上，目前铜精矿现货加工费大幅低于盈亏平衡点，原料紧张供给及生产亏损加大，或将倒逼我国铜冶炼厂加大检修被动减产。[SEP]（责任编辑：王治强HF013）[SEP],[CLS]值得注意的是，今年以来大宗商品总体表现较为强势，国内原油价格年内涨幅已超15%，海外金价最高曾突破2200美元/盎司，有色金属方面碳酸锂、镍、铜等也都表现不俗。[SEP]
供给继续保持宽松态势 碳酸锂价格长期仍偏空,2024-03-19 08:17:41,新浪网,和讯网,锂/铁,1008,"作者：大越期货。每日观点。1.基本面：供应端来看，进口碳酸锂也将逐步到位；3月产量预期为44048万吨，环比增长30%，恢复至往月水平；锂盐整体供应在天气转暖之后，盐湖产量将有所回升，而矿石端来看，除江西地区外，其余地区均已恢复开工，产量也将有所回升，宜春地区环保检查影响开工消息影响有限，预计供应仍将较为宽松的态势；3月底仓单注销或将对现货市场造成较大冲击。需求端来看，三元前驱体及三元材料，及磷酸铁锂及磷酸铁3月排产有所增加，价格有所回升。1月以来以磷酸铁锂-动力电池-新能源车产销量需求环比均大幅下调，但同比仍有预期内增长幅度，且仍以消耗前期库存为主,下游普遍认为当前盘面价格仍偏高；据乘联会统计，今年以来累计零售289.5万辆，同比增长19%，今年以来累计批发279.1万辆，同比增长1%，零售增幅大幅高于批发增幅，或显示终端车辆去库幅度较大，利好后续终端需求。成本上看，锂矿/碳酸锂进口持续高位；成本下行压力继续累加，外购锂辉石/锂云母企业面临成本倒挂；但盐湖提锂端依然可以盈利。中性。2.基差：03月15日，电池碳酸锂现货价113000元/吨，07合约基差-2050元/吨，现货贴水期货。偏空。3.库存：冶炼厂库存44178吨，环比减少2.10%，下游库存17900吨，环比减少0.72%，其他库存19001吨，环比增加7.01%；总体库存略有反弹，上游库存下降较为明显，且下游需求开始复苏加速。偏空。4.盘面：MA20向上，07合约期价收于MA20上方。偏多。5.持仓：前20席位持仓净空，空减。偏空。6.预期：供给侧受盐湖端及矿石端产量恢复，预计将继续保持宽松态势，但工碳持续上涨，推动电碳跟随上涨；下游需求有所启动，但具体幅度仍有待观察；3月动力电池排产有所增加，且乘联会数据显示终端车辆库存去化幅度较大，预计需求有增长空间；月底仓单注销或对现货市场造成一定冲击，关注消息面动静，今日或仍偏空调整。利多：厂家停减产计划，从智利进口碳酸锂量环比有所下行；1-2月锂盐厂家有传统停/减产维护计划。利空：矿石/盐湖端供给持续高位，下降幅度有限；动力电池端接货意愿不足。主要逻辑：产能错配导致供强需弱，下行态势较难改变。主要风险点：停减产/检修计划冲击，产业出清启动时间点。一．碳酸锂价格――基差。二．碳酸锂价格――替代品价差。三．碳酸锂供给――矿石。四．碳酸锂供给――盐湖。（责任编辑：曹言言HA008）","1.基本面：供应端来看，进口碳酸锂也将逐步到位；锂盐整体供应在天气转暖之后，盐湖产量将有所回升，而矿石端来看，除江西地区外，其余地区均已恢复开工，产量也将有所回升，宜春地区环保检查影响开工消息影响有限，预计供应仍将较为宽松的态势；需求端来看，三元前驱体及三元材料，及磷酸铁锂及磷酸铁3月排产有所增加，价格有所回升。1月以来以磷酸铁锂-动力电池-新能源车产销量需求环比均大幅下调，但同比仍有预期内增长幅度，且仍以消耗前期库存为主,下游普遍认为当前盘面价格仍偏高；成本上看，锂矿/碳酸锂进口持续高位；成本下行压力继续累加，外购锂辉石/锂云母企业面临成本倒挂；但盐湖提锂端依然可以盈利。2.基差：03月15日，电池碳酸锂现货价113000元/吨，07合约基差-2050元/吨，现货贴水期货。利多：厂家停减产计划，从智利进口碳酸锂量环比有所下行；1-2月锂盐厂家有传统停/减产维护计划。一．碳酸锂价格――基差。二．碳酸锂价格――替代品价差。三．碳酸锂供给――矿石。四．碳酸锂供给――盐湖。","[CLS]作者：大越期货。[SEP]每日观点。[SEP]1.基本面：供应端来看，进口碳酸锂也将逐步到位；[SEP]3月产量预期为44048万吨，环比增长30%，恢复至往月水平；[SEP]锂盐整体供应在天气转暖之后，盐湖产量将有所回升，而矿石端来看，除江西地区外，其余地区均已恢复开工，产量也将有所回升，宜春地区环保检查影响开工消息影响有限，预计供应仍将较为宽松的态势；[SEP]3月底仓单注销或将对现货市场造成较大冲击。[SEP]需求端来看，三元前驱体及三元材料，及磷酸铁锂及磷酸铁3月排产有所增加，价格有所回升。[SEP]1月以来以磷酸铁锂-动力电池-新能源车产销量需求环比均大幅下调，但同比仍有预期内增长幅度，且仍以消耗前期库存为主,下游普遍认为当前盘面价格仍偏高；[SEP]据乘联会统计，今年以来累计零售289.5万辆，同比增长19%，今年以来累计批发279.1万辆，同比增长1%，零售增幅大幅高于批发增幅，或显示终端车辆去库幅度较大，利好后续终端需求。[SEP]成本上看，锂矿/碳酸锂进口持续高位；[SEP]成本下行压力继续累加，外购锂辉石/锂云母企业面临成本倒挂；[SEP]但盐湖提锂端依然可以盈利。[SEP]中性。[SEP]2.基差：03月15日，电池碳酸锂现货价113000元/吨，07合约基差-2050元/吨，现货贴水期货。[SEP]偏空。[SEP]3.库存：冶炼厂库存44178吨，环比减少2.10%，下游库存17900吨，环比减少0.72%，其他库存19001吨，环比增加7.01%；[SEP]总体库存略有反弹，上游库存下降较为明显，且下游需求开始复苏加速。[SEP]偏空。[SEP]4.盘面：MA20向上，07合约期价收于MA20上方。[SEP]偏多。[SEP]5.持仓：前20席位持仓净空，空减。[SEP]偏空。[SEP]6.预期：供给侧受盐湖端及矿石端产量恢复，预计将继续保持宽松态势，但工碳持续上涨，推动电碳跟随上涨；[SEP]下游需求有所启动，但具体幅度仍有待观察；[SEP]3月动力电池排产有所增加，且乘联会数据显示终端车辆库存去化幅度较大，预计需求有增长空间；[SEP]月底仓单注销或对现货市场造成一定冲击，关注消息面动静，今日或仍偏空调整。[SEP]利多：厂家停减产计划，从智利进口碳酸锂量环比有所下行；[SEP]1-2月锂盐厂家有传统停/减产维护计划。[SEP]利空：矿石/盐湖端供给持续高位，下降幅度有限；[SEP]动力电池端接货意愿不足。[SEP]主要逻辑：产能错配导致供强需弱，下行态势较难改变。[SEP]主要风险点：停减产/检修计划冲击，产业出清启动时间点。[SEP]一．碳酸锂价格――基差。[SEP]二．碳酸锂价格――替代品价差。[SEP]三．碳酸锂供给――矿石。[SEP]四．碳酸锂供给――盐湖。[SEP]（责任编辑：曹言言HA008）[SEP]","[CLS]1.基本面：供应端来看，进口碳酸锂也将逐步到位；[SEP]锂盐整体供应在天气转暖之后，盐湖产量将有所回升，而矿石端来看，除江西地区外，其余地区均已恢复开工，产量也将有所回升，宜春地区环保检查影响开工消息影响有限，预计供应仍将较为宽松的态势；[SEP]需求端来看，三元前驱体及三元材料，及磷酸铁锂及磷酸铁3月排产有所增加，价格有所回升。[SEP]1月以来以磷酸铁锂-动力电池-新能源车产销量需求环比均大幅下调，但同比仍有预期内增长幅度，且仍以消耗前期库存为主,下游普遍认为当前盘面价格仍偏高；[SEP]成本上看，锂矿/碳酸锂进口持续高位；[SEP]成本下行压力继续累加，外购锂辉石/锂云母企业面临成本倒挂；[SEP]但盐湖提锂端依然可以盈利。[SEP]2.基差：03月15日，电池碳酸锂现货价113000元/吨，07合约基差-2050元/吨，现货贴水期货。[SEP]利多：厂家停减产计划，从智利进口碳酸锂量环比有所下行；[SEP]1-2月锂盐厂家有传统停/减产维护计划。[SEP]一．碳酸锂价格――基差。[SEP]二．碳酸锂价格――替代品价差。[SEP]三．碳酸锂供给――矿石。[SEP]四．碳酸锂供给――盐湖。[SEP]"
供应即将放量预期 多头减仓碳酸锂大幅下跌,2024-03-18 08:15:33,新浪网,和讯网,锂,579,作者：华安期货。价格：昨日碳酸锂主力合约收盘跌7.01%至11.21万元/吨。现货价格方面，据Mysteel，电池级碳酸锂市场价涨1000元/吨至11.3万元/吨，工业级碳酸锂市场价涨2000元/吨至10.7万元/吨，电池级氢氧化锂市场价涨500元/吨至10.38万元/吨，连续合约基差3450元/吨。供需：锂辉石精矿价稍有上调。盐厂逐步复产，但江西地区产量尚未有效提升，中小企业尚未完全复产。材料方面，订单情况有所好转，但材料价格跟涨乏力，材料厂利润仍受挤。现货方面，盐厂及贸易商延续挺价，下游仍以逢低刚需采购为主，长协订单基本能够满足下游企业生产需求。消息面：据知情人士透露，拜登政府将宣布向美国锂生产商LithiumAmericasCorp.提供逾20亿美元贷款的计划。该公司正在内华达州开发美国最大的锂矿床。澳洲锂矿商PilbaraMinerals完成了5000吨锂辉石金矿的拍卖前销售，价格为1106美元/吨SC5.5，折合碳酸锂价格低于前期盘面价格区间。盘面来看，昨日主力合约早盘震荡，临近中午多头减仓大幅下跌，尾盘跌幅进一步加深。前期扰动渐消，叠加供应即将放量的预期，且仓单即将集中注销；Pilbara精矿拍卖价格不及预期，日内盘面受多头大幅减仓影响下跌。关注上游产量恢复情况，及后续进口锂盐到港对供给的补充情况。（责任编辑：曹言言HA008）,价格：昨日碳酸锂主力合约收盘跌7.01%至11.21万元/吨。现货价格方面，据Mysteel，电池级碳酸锂市场价涨1000元/吨至11.3万元/吨，工业级碳酸锂市场价涨2000元/吨至10.7万元/吨，电池级氢氧化锂市场价涨500元/吨至10.38万元/吨，连续合约基差3450元/吨。供需：锂辉石精矿价稍有上调。消息面：据知情人士透露，拜登政府将宣布向美国锂生产商LithiumAmericasCorp.提供逾20亿美元贷款的计划。该公司正在内华达州开发美国最大的锂矿床。澳洲锂矿商PilbaraMinerals完成了5000吨锂辉石金矿的拍卖前销售，价格为1106美元/吨SC5.5，折合碳酸锂价格低于前期盘面价格区间。关注上游产量恢复情况，及后续进口锂盐到港对供给的补充情况。,[CLS]作者：华安期货。[SEP]价格：昨日碳酸锂主力合约收盘跌7.01%至11.21万元/吨。[SEP]现货价格方面，据Mysteel，电池级碳酸锂市场价涨1000元/吨至11.3万元/吨，工业级碳酸锂市场价涨2000元/吨至10.7万元/吨，电池级氢氧化锂市场价涨500元/吨至10.38万元/吨，连续合约基差3450元/吨。[SEP]供需：锂辉石精矿价稍有上调。[SEP]盐厂逐步复产，但江西地区产量尚未有效提升，中小企业尚未完全复产。[SEP]材料方面，订单情况有所好转，但材料价格跟涨乏力，材料厂利润仍受挤。[SEP]现货方面，盐厂及贸易商延续挺价，下游仍以逢低刚需采购为主，长协订单基本能够满足下游企业生产需求。[SEP]消息面：据知情人士透露，拜登政府将宣布向美国锂生产商LithiumAmericasCorp.提供逾20亿美元贷款的计划。[SEP]该公司正在内华达州开发美国最大的锂矿床。[SEP]澳洲锂矿商PilbaraMinerals完成了5000吨锂辉石金矿的拍卖前销售，价格为1106美元/吨SC5.5，折合碳酸锂价格低于前期盘面价格区间。[SEP]盘面来看，昨日主力合约早盘震荡，临近中午多头减仓大幅下跌，尾盘跌幅进一步加深。[SEP]前期扰动渐消，叠加供应即将放量的预期，且仓单即将集中注销；[SEP]Pilbara精矿拍卖价格不及预期，日内盘面受多头大幅减仓影响下跌。[SEP]关注上游产量恢复情况，及后续进口锂盐到港对供给的补充情况。[SEP]（责任编辑：曹言言HA008）[SEP],[CLS]价格：昨日碳酸锂主力合约收盘跌7.01%至11.21万元/吨。[SEP]现货价格方面，据Mysteel，电池级碳酸锂市场价涨1000元/吨至11.3万元/吨，工业级碳酸锂市场价涨2000元/吨至10.7万元/吨，电池级氢氧化锂市场价涨500元/吨至10.38万元/吨，连续合约基差3450元/吨。[SEP]供需：锂辉石精矿价稍有上调。[SEP]消息面：据知情人士透露，拜登政府将宣布向美国锂生产商LithiumAmericasCorp.提供逾20亿美元贷款的计划。[SEP]该公司正在内华达州开发美国最大的锂矿床。[SEP]澳洲锂矿商PilbaraMinerals完成了5000吨锂辉石金矿的拍卖前销售，价格为1106美元/吨SC5.5，折合碳酸锂价格低于前期盘面价格区间。[SEP]关注上游产量恢复情况，及后续进口锂盐到港对供给的补充情况。[SEP]
供应仍较为宽松 碳酸锂成本下行压力继续累加,2024-03-15 07:47:10,新浪网,和讯网,锂/铁,1011,"作者：大越期货。每日观点。1.基本面：供应端来看，进口碳酸锂也将逐步到位；2月国内碳酸锂产量受矿石端及盐湖端同时下调，产量下调明显，约为3.2万吨，环比-21.8%，同比5.4%；同时3月产量预期为44048万吨，环比增长30%，恢复至往月水平；锂盐整体供应在天气转暖之后，盐湖产量将有所回升，而矿石端来看，除江西地区外，其余地区均已恢复开工，产量也将有所回升，宜春地区环保检查影响开工消息影响有限，预计供应仍将较为宽松的态势。需求端来看，三元前驱体及三元材料，及磷酸铁锂及磷酸铁3月排产有所增加，价格有所回升。1月以来以磷酸铁锂-动力电池-新能源车产销量需求环比均大幅下调，但同比仍有预期内增长幅度，且仍以消耗前期库存为主,下游普遍认为当前盘面价格仍偏高；据乘联会统计，今年以来累计零售289.5万辆，同比增长19%，今年以来累计批发279.1万辆，同比增长1%，零售增幅大幅高于批发增幅，或显示终端车辆去库幅度较大，利好后续终端需求。成本上看，锂矿/碳酸锂进口持续高位；成本下行压力继续累加，外购锂辉石/锂云母企业面临成本倒挂；但盐湖提锂端依然可以盈利。中性。2.基差：03月13日，电池碳酸锂现货价112000元/吨，07合约基差-6800元/吨，现货贴水期货。偏空。3.库存：冶炼厂库存45127吨，环比减少2.43%，下游库存18029吨，环比增加12.56%，其他库存17757吨，环比减少5.89%；总体库存开始下降，上游库存下降较为明显，且下游需求开始复苏加速。偏空。4.盘面：MA20向上，07合约期价收于MA20上方。偏多。5.持仓：前20席位持仓净空，空增。偏空。6.预期：供给侧受盐湖端及矿石端产量恢复，预计将继续保持宽松态势，但工碳持续上涨，推动电碳跟随上涨；下游需求有所启动，但具体幅度仍有待观察；3月动力电池排产有所增加，且乘联会数据显示终端车辆库存去化幅度较大，预计需求有增长空间；今日或将预计将呈现小幅震荡调整行情。利多：厂家停减产计划，从智利进口碳酸锂量环比有所下行；1-2月锂盐厂家有传统停/减产维护计划。利空：矿石/盐湖端供给持续高位，下降幅度有限；动力电池端接货意愿不足。主要逻辑：产能错配导致供强需弱，下行态势较难改变。主要风险点：停减产/检修计划冲击，产业出清启动时间点。一．碳酸锂价格――基差。二．碳酸锂供给――盐湖。二．碳酸锂供给――产能产量（责任编辑：曹言言HA008）","1.基本面：供应端来看，进口碳酸锂也将逐步到位；2月国内碳酸锂产量受矿石端及盐湖端同时下调，产量下调明显，约为3.2万吨，环比-21.8%，同比5.4%；锂盐整体供应在天气转暖之后，盐湖产量将有所回升，而矿石端来看，除江西地区外，其余地区均已恢复开工，产量也将有所回升，宜春地区环保检查影响开工消息影响有限，预计供应仍将较为宽松的态势。需求端来看，三元前驱体及三元材料，及磷酸铁锂及磷酸铁3月排产有所增加，价格有所回升。1月以来以磷酸铁锂-动力电池-新能源车产销量需求环比均大幅下调，但同比仍有预期内增长幅度，且仍以消耗前期库存为主,下游普遍认为当前盘面价格仍偏高；成本上看，锂矿/碳酸锂进口持续高位；成本下行压力继续累加，外购锂辉石/锂云母企业面临成本倒挂；但盐湖提锂端依然可以盈利。2.基差：03月13日，电池碳酸锂现货价112000元/吨，07合约基差-6800元/吨，现货贴水期货。利多：厂家停减产计划，从智利进口碳酸锂量环比有所下行；1-2月锂盐厂家有传统停/减产维护计划。一．碳酸锂价格――基差。二．碳酸锂供给――盐湖。二．碳酸锂供给――产能产量（责任编辑：曹言言HA008）","[CLS]作者：大越期货。[SEP]每日观点。[SEP]1.基本面：供应端来看，进口碳酸锂也将逐步到位；[SEP]2月国内碳酸锂产量受矿石端及盐湖端同时下调，产量下调明显，约为3.2万吨，环比-21.8%，同比5.4%；[SEP]同时3月产量预期为44048万吨，环比增长30%，恢复至往月水平；[SEP]锂盐整体供应在天气转暖之后，盐湖产量将有所回升，而矿石端来看，除江西地区外，其余地区均已恢复开工，产量也将有所回升，宜春地区环保检查影响开工消息影响有限，预计供应仍将较为宽松的态势。[SEP]需求端来看，三元前驱体及三元材料，及磷酸铁锂及磷酸铁3月排产有所增加，价格有所回升。[SEP]1月以来以磷酸铁锂-动力电池-新能源车产销量需求环比均大幅下调，但同比仍有预期内增长幅度，且仍以消耗前期库存为主,下游普遍认为当前盘面价格仍偏高；[SEP]据乘联会统计，今年以来累计零售289.5万辆，同比增长19%，今年以来累计批发279.1万辆，同比增长1%，零售增幅大幅高于批发增幅，或显示终端车辆去库幅度较大，利好后续终端需求。[SEP]成本上看，锂矿/碳酸锂进口持续高位；[SEP]成本下行压力继续累加，外购锂辉石/锂云母企业面临成本倒挂；[SEP]但盐湖提锂端依然可以盈利。[SEP]中性。[SEP]2.基差：03月13日，电池碳酸锂现货价112000元/吨，07合约基差-6800元/吨，现货贴水期货。[SEP]偏空。[SEP]3.库存：冶炼厂库存45127吨，环比减少2.43%，下游库存18029吨，环比增加12.56%，其他库存17757吨，环比减少5.89%；[SEP]总体库存开始下降，上游库存下降较为明显，且下游需求开始复苏加速。[SEP]偏空。[SEP]4.盘面：MA20向上，07合约期价收于MA20上方。[SEP]偏多。[SEP]5.持仓：前20席位持仓净空，空增。[SEP]偏空。[SEP]6.预期：供给侧受盐湖端及矿石端产量恢复，预计将继续保持宽松态势，但工碳持续上涨，推动电碳跟随上涨；[SEP]下游需求有所启动，但具体幅度仍有待观察；[SEP]3月动力电池排产有所增加，且乘联会数据显示终端车辆库存去化幅度较大，预计需求有增长空间；[SEP]今日或将预计将呈现小幅震荡调整行情。[SEP]利多：厂家停减产计划，从智利进口碳酸锂量环比有所下行；[SEP]1-2月锂盐厂家有传统停/减产维护计划。[SEP]利空：矿石/盐湖端供给持续高位，下降幅度有限；[SEP]动力电池端接货意愿不足。[SEP]主要逻辑：产能错配导致供强需弱，下行态势较难改变。[SEP]主要风险点：停减产/检修计划冲击，产业出清启动时间点。[SEP]一．碳酸锂价格――基差。[SEP]二．碳酸锂供给――盐湖。[SEP]二．碳酸锂供给――产能产量（责任编辑：曹言言HA008）[SEP]","[CLS]1.基本面：供应端来看，进口碳酸锂也将逐步到位；[SEP]2月国内碳酸锂产量受矿石端及盐湖端同时下调，产量下调明显，约为3.2万吨，环比-21.8%，同比5.4%；[SEP]锂盐整体供应在天气转暖之后，盐湖产量将有所回升，而矿石端来看，除江西地区外，其余地区均已恢复开工，产量也将有所回升，宜春地区环保检查影响开工消息影响有限，预计供应仍将较为宽松的态势。[SEP]需求端来看，三元前驱体及三元材料，及磷酸铁锂及磷酸铁3月排产有所增加，价格有所回升。[SEP]1月以来以磷酸铁锂-动力电池-新能源车产销量需求环比均大幅下调，但同比仍有预期内增长幅度，且仍以消耗前期库存为主,下游普遍认为当前盘面价格仍偏高；[SEP]成本上看，锂矿/碳酸锂进口持续高位；[SEP]成本下行压力继续累加，外购锂辉石/锂云母企业面临成本倒挂；[SEP]但盐湖提锂端依然可以盈利。[SEP]2.基差：03月13日，电池碳酸锂现货价112000元/吨，07合约基差-6800元/吨，现货贴水期货。[SEP]利多：厂家停减产计划，从智利进口碳酸锂量环比有所下行；[SEP]1-2月锂盐厂家有传统停/减产维护计划。[SEP]一．碳酸锂价格――基差。[SEP]二．碳酸锂供给――盐湖。[SEP]二．碳酸锂供给――产能产量（责任编辑：曹言言HA008）[SEP]"
碳酸锂期货主力合约日内涨幅达4%，现报119750元/吨,2024-03-12 15:52:23,每日经济新闻,和讯网,锂,63,每经AI快讯，3月12日，碳酸锂期货主力合约日内涨幅达4%，现报119750元/吨。每日经济新闻（责任编辑：王治强HF013）,每经AI快讯，3月12日，碳酸锂期货主力合约日内涨幅达4%，现报119750元/吨。,[CLS]每经AI快讯，3月12日，碳酸锂期货主力合约日内涨幅达4%，现报119750元/吨。[SEP]每日经济新闻（责任编辑：王治强HF013）[SEP],[CLS]每经AI快讯，3月12日，碳酸锂期货主力合约日内涨幅达4%，现报119750元/吨。[SEP]
工业硅需求维持旺盛态势 碳酸锂价格仍有一定上涨空间,2024-03-12 07:54:12,新浪网,和讯网,锂/镍/铝,967,作者：申银万国期货。【锌】锌：日间锌价延续上涨，站稳2.1万整数上方。有报道称，韩国一家锌冶炼厂减产20%。目前精矿加工费下降，冶炼利润缩窄，低迷锌价考验矿山和冶炼供应。预期国内汽车产销稳定，基建增速可能下降，家电表现良好;需要关注地产行业变化。目前矿山供应扰动，尚不足以改变过剩预期，但需要重点关注。随着市场国内逐步进入需求旺季，锌价可能延续回升。建议关注美元、人民币汇率、国内下游开工率等。【镍】镍：今日沪镍主力合约收涨1.91%，镍价继续反弹。消息面角度，印尼大选结果公布之后，市场对于印尼镍产业链“下游化”预期较强，且当地镍矿开采审批进度整体同比较慢，对镍矿开采及供应有所限制;此外菲律宾正值雨季，镍矿发运减少，我国镍矿港口库存明显下降，镍矿价格继续上涨。矿价上涨带动中间品价格上升，叠加镍盐供应偏紧，导致镍盐价格上调。短期内，市场对于后续“金三银四”消费仍有期待，新能源汽车消费向好或将拉升镍盐消费，镍价具备上行驱动。【工业硅】工业硅：今日SI2405期价宽幅震荡。下游企业在采购方面仍存压价情绪，华东553通氧硅价进一步下调50元/吨至14700元/吨。供应方面，枯水期西南硅企开工延续低位，但前期减停产的北方硅企陆续复产，市场整体供应压力逐渐增加。需求方面，多晶硅新增产能爬坡，产量高位延续，企业对工业硅的需求维持旺盛态势;节后铝合金企业开工逐渐恢复，有机硅价格持续上调、企业开工积极性较高，对工业硅的需求有所增加。综合来看，高企的市场库存仍对硅价的表现形成压制，但在枯水期成本高位的支撑下、硅价的下方空间较为有限，主力合约估值低位、仍具备多配价值。预计SI2405波动区间13000-14000。【碳酸锂】碳酸锂：锂价中期底部基本确定，当前依然处在上涨趋势，只不过上涨过程不会很顺畅。奔驰发布电动化推迟五年在一定程度上对于锂电需求有情绪上的影响。在确认澳矿减产态度后，碳酸锂价格阶段性底部已基本可以确认，在“两会环保+刚需补库+外矿企稳”等因素综合影响下，短期价格仍有一定上涨空间，但反转条件尚不具备。虽然3月有电池厂排产计划传出，锂电需求可能恢复外，碳酸锂价格反弹强度还取决于碳酸锂企业开工恢复情况、澳洲其它矿企是否会跟进减产(特别是皮矿)，更重要的是，两会能带给新能源行业多大的预期。（责任编辑：曹言言HA008）,【碳酸锂】碳酸锂：锂价中期底部基本确定，当前依然处在上涨趋势，只不过上涨过程不会很顺畅。奔驰发布电动化推迟五年在一定程度上对于锂电需求有情绪上的影响。在确认澳矿减产态度后，碳酸锂价格阶段性底部已基本可以确认，在“两会环保+刚需补库+外矿企稳”等因素综合影响下，短期价格仍有一定上涨空间，但反转条件尚不具备。虽然3月有电池厂排产计划传出，锂电需求可能恢复外，碳酸锂价格反弹强度还取决于碳酸锂企业开工恢复情况、澳洲其它矿企是否会跟进减产(特别是皮矿)，更重要的是，两会能带给新能源行业多大的预期。,[CLS]作者：申银万国期货。[SEP]【锌】锌：日间锌价延续上涨，站稳2.1万整数上方。[SEP]有报道称，韩国一家锌冶炼厂减产20%。[SEP]目前精矿加工费下降，冶炼利润缩窄，低迷锌价考验矿山和冶炼供应。[SEP]预期国内汽车产销稳定，基建增速可能下降，家电表现良好;需要关注地产行业变化。[SEP]目前矿山供应扰动，尚不足以改变过剩预期，但需要重点关注。[SEP]随着市场国内逐步进入需求旺季，锌价可能延续回升。[SEP]建议关注美元、人民币汇率、国内下游开工率等。[SEP]【镍】镍：今日沪镍主力合约收涨1.91%，镍价继续反弹。[SEP]消息面角度，印尼大选结果公布之后，市场对于印尼镍产业链“下游化”预期较强，且当地镍矿开采审批进度整体同比较慢，对镍矿开采及供应有所限制;此外菲律宾正值雨季，镍矿发运减少，我国镍矿港口库存明显下降，镍矿价格继续上涨。[SEP]矿价上涨带动中间品价格上升，叠加镍盐供应偏紧，导致镍盐价格上调。[SEP]短期内，市场对于后续“金三银四”消费仍有期待，新能源汽车消费向好或将拉升镍盐消费，镍价具备上行驱动。[SEP]【工业硅】工业硅：今日SI2405期价宽幅震荡。[SEP]下游企业在采购方面仍存压价情绪，华东553通氧硅价进一步下调50元/吨至14700元/吨。[SEP]供应方面，枯水期西南硅企开工延续低位，但前期减停产的北方硅企陆续复产，市场整体供应压力逐渐增加。[SEP]需求方面，多晶硅新增产能爬坡，产量高位延续，企业对工业硅的需求维持旺盛态势;节后铝合金企业开工逐渐恢复，有机硅价格持续上调、企业开工积极性较高，对工业硅的需求有所增加。[SEP]综合来看，高企的市场库存仍对硅价的表现形成压制，但在枯水期成本高位的支撑下、硅价的下方空间较为有限，主力合约估值低位、仍具备多配价值。[SEP]预计SI2405波动区间13000-14000。[SEP]【碳酸锂】碳酸锂：锂价中期底部基本确定，当前依然处在上涨趋势，只不过上涨过程不会很顺畅。[SEP]奔驰发布电动化推迟五年在一定程度上对于锂电需求有情绪上的影响。[SEP]在确认澳矿减产态度后，碳酸锂价格阶段性底部已基本可以确认，在“两会环保+刚需补库+外矿企稳”等因素综合影响下，短期价格仍有一定上涨空间，但反转条件尚不具备。[SEP]虽然3月有电池厂排产计划传出，锂电需求可能恢复外，碳酸锂价格反弹强度还取决于碳酸锂企业开工恢复情况、澳洲其它矿企是否会跟进减产(特别是皮矿)，更重要的是，两会能带给新能源行业多大的预期。[SEP]（责任编辑：曹言言HA008）[SEP],[CLS]【碳酸锂】碳酸锂：锂价中期底部基本确定，当前依然处在上涨趋势，只不过上涨过程不会很顺畅。[SEP]奔驰发布电动化推迟五年在一定程度上对于锂电需求有情绪上的影响。[SEP]在确认澳矿减产态度后，碳酸锂价格阶段性底部已基本可以确认，在“两会环保+刚需补库+外矿企稳”等因素综合影响下，短期价格仍有一定上涨空间，但反转条件尚不具备。[SEP]虽然3月有电池厂排产计划传出，锂电需求可能恢复外，碳酸锂价格反弹强度还取决于碳酸锂企业开工恢复情况、澳洲其它矿企是否会跟进减产(特别是皮矿)，更重要的是，两会能带给新能源行业多大的预期。[SEP]
铅价上方压力仍较明显 碳酸锂市场博弈空间尤在,2024-03-11 08:20:49,新浪网,和讯网,锂/铅,733,【沪铅】周四沪铅主力2404合约震荡重心略上抬，伦铅反弹。现货市场：上海市场驰宏铅16045-16065元/吨，对沪铅2403合约升水0-20元/吨;江浙地区江铜、济金铅16075-16095元/吨，对沪铅2403合约升水30-50元/吨。沪铅延续震荡上行态势，持货商随行报价，同时炼厂货源对SMM1铅多转向升水，但仓单货与厂提货仍有较大价差，下游采购倾向厂提货源，散单变化不大。SMM：截止至本周一社会库存为6.48万吨，较本周一增加0.41万吨，高于去年同期水平。LME库存191600吨，减少200吨。整体来看，美元收跌，铅价跟随金属板块重心上抬。但期现价差较大，持货商倾向交仓，且部分炼厂货源升水下调或扩贴水，下游倾向炼厂货源，社会库存续增，铅价上方压力仍较明显，难有大幅上涨驱动。操作建议：观望。【碳酸锂】周四碳酸锂期货价格震荡偏弱运行，现货价格小幅上涨。SMM电碳价格较昨日上涨1000元/吨，工碳价格上涨1500元/吨。SMM口径下现货贴水04合约0.365万元/吨;原材料价格受定价模式影响被动拉涨，澳洲锂辉石价格上涨10美元/吨至1010美元/吨，巴西矿价格上涨0美元/吨至910美元/吨，国内价格(5.0%-5.5%)价格上涨115元/吨至7565元/吨，锂云母(2.0%-2.5%)价格0元/吨至2135元/吨。仓单合计13522吨;2407持仓21.56万手，最新交割匹配价格11.03万元/吨。供给与需求的扰动预期均未落地，市场博弈空间尤在。但在进口规模大幅增长确定影响下，多头情绪略有缓和。现货市场成交尚未回暖，期现联动较弱，表明预期与现实依然存在矛盾，短期锂价仍在预期扰动影响下维持高位震荡。操作建议：观望（责任编辑：曹言言HA008）,【碳酸锂】周四碳酸锂期货价格震荡偏弱运行，现货价格小幅上涨。SMM口径下现货贴水04合约0.365万元/吨;原材料价格受定价模式影响被动拉涨，澳洲锂辉石价格上涨10美元/吨至1010美元/吨，巴西矿价格上涨0美元/吨至910美元/吨，国内价格(5.0%-5.5%)价格上涨115元/吨至7565元/吨，锂云母(2.0%-2.5%)价格0元/吨至2135元/吨。现货市场成交尚未回暖，期现联动较弱，表明预期与现实依然存在矛盾，短期锂价仍在预期扰动影响下维持高位震荡。,[CLS]【沪铅】周四沪铅主力2404合约震荡重心略上抬，伦铅反弹。[SEP]现货市场：上海市场驰宏铅16045-16065元/吨，对沪铅2403合约升水0-20元/吨;江浙地区江铜、济金铅16075-16095元/吨，对沪铅2403合约升水30-50元/吨。[SEP]沪铅延续震荡上行态势，持货商随行报价，同时炼厂货源对SMM1铅多转向升水，但仓单货与厂提货仍有较大价差，下游采购倾向厂提货源，散单变化不大。[SEP]SMM：截止至本周一社会库存为6.48万吨，较本周一增加0.41万吨，高于去年同期水平。[SEP]LME库存191600吨，减少200吨。[SEP]整体来看，美元收跌，铅价跟随金属板块重心上抬。[SEP]但期现价差较大，持货商倾向交仓，且部分炼厂货源升水下调或扩贴水，下游倾向炼厂货源，社会库存续增，铅价上方压力仍较明显，难有大幅上涨驱动。[SEP]操作建议：观望。[SEP]【碳酸锂】周四碳酸锂期货价格震荡偏弱运行，现货价格小幅上涨。[SEP]SMM电碳价格较昨日上涨1000元/吨，工碳价格上涨1500元/吨。[SEP]SMM口径下现货贴水04合约0.365万元/吨;原材料价格受定价模式影响被动拉涨，澳洲锂辉石价格上涨10美元/吨至1010美元/吨，巴西矿价格上涨0美元/吨至910美元/吨，国内价格(5.0%-5.5%)价格上涨115元/吨至7565元/吨，锂云母(2.0%-2.5%)价格0元/吨至2135元/吨。[SEP]仓单合计13522吨;2407持仓21.56万手，最新交割匹配价格11.03万元/吨。[SEP]供给与需求的扰动预期均未落地，市场博弈空间尤在。[SEP]但在进口规模大幅增长确定影响下，多头情绪略有缓和。[SEP]现货市场成交尚未回暖，期现联动较弱，表明预期与现实依然存在矛盾，短期锂价仍在预期扰动影响下维持高位震荡。[SEP]操作建议：观望（责任编辑：曹言言HA008）[SEP],[CLS]【碳酸锂】周四碳酸锂期货价格震荡偏弱运行，现货价格小幅上涨。[SEP]SMM口径下现货贴水04合约0.365万元/吨;原材料价格受定价模式影响被动拉涨，澳洲锂辉石价格上涨10美元/吨至1010美元/吨，巴西矿价格上涨0美元/吨至910美元/吨，国内价格(5.0%-5.5%)价格上涨115元/吨至7565元/吨，锂云母(2.0%-2.5%)价格0元/吨至2135元/吨。[SEP]现货市场成交尚未回暖，期现联动较弱，表明预期与现实依然存在矛盾，短期锂价仍在预期扰动影响下维持高位震荡。[SEP]
碳酸锂价格“过山车”，会否上演“最后的疯狂”？,2024-03-07 18:06:55,和讯期货,和讯网,锂,2090,近期，碳酸锂期货市场掀起了一场惊涛骇浪般的波澜。从涨势如虹到跌宕起伏，碳酸锂期货价格经历了一场“过山车”般的行情，引发了广泛的关注和热议。这一连串的价格波动，让投资者们心情沉浸在一种不确定的氛围中，行业专家们也纷纷展开热烈的讨论和分析。　碳酸锂作为重要锂盐化合物，一直以来都备受市场追捧。随着新能源汽车产业的快速发展以及电池需求的增长，碳酸锂的需求持续走高，市场前景一片看好。然而，最近碳酸锂期货价格的起伏却让人始料未及。　春节以后，碳酸锂期货价格一路飙升，吸引了大量资金涌入市场，投资者们对市场前景信心满满。然而，就在市场乐观情绪达到高潮之际，价格突然出现了急剧回落的迹象。这一波突如其来的跌势让市场陷入了一片混乱之中，投资者们心情瞬间从亢奋转为焦虑。　这次价格波动的背后究竟隐藏了哪些因素？是供应链问题导致的供应紧张，还是市场需求出现了变化？专家们纷纷就此展开深入分析，并对未来市场走势进行了猜测和预测。　碳酸锂缘何节后大涨大跌？　节后开工率相对偏低，江西部分厂商因环保因素影响暂停开工，部分大型企业例行检修，江西地区周产量有所下降。有市场人士分析，环保督察事件影响持续发酵，提锂尾渣消纳要求或收严，叠加前期澳矿减产及下调精矿销量指引等影响下，锂盐供应不确定性或有所增大，短期看涨情绪浓厚。　“在确认澳矿减产态度后，碳酸锂价格阶段性底部已基本可以确认，在‘两会环保+刚需补库+外矿企稳’等因素综合影响下，短期价格仍有一定上涨空间，但反转条件尚不具备。”申银万国期货唐广华表示，虽然3月有电池厂排产计划传出，锂电需求可能恢复外，碳酸锂价格反弹强度还取决于碳酸锂企业开工恢复情况、澳洲其它矿企是否会跟进减产，特别是皮矿，更重要的是，两会能带给新能源行业多大的预期，能否重演去年4月的绝地反击，预计下周能见分晓。　中信建投(601066)期货张维鑫认为，从价格层面来说，受期货连续大幅上涨影响，现货端锂盐、锂矿、废旧电池价格均有明显上涨，期现能否继续共振将决定本轮行情高点。需要注意的是，周度产量中的云母和锂辉石产碳酸锂增长，1月澳大利亚德(300296)黑兰出口中国锂矿大幅增长，国内上游锂盐库存继续增加，这些都是潜在的利空，它们意味着基本面可能难以出现紧张局面。此外，1月份及2月份汽车消费数据进一步披露，1月份渗透率下滑较大，2月份环比降幅较大，开年新能源市场表现并不乐观。　消息面对市场影响几何？　盐厂挺价意愿强烈，多数下游仅维持刚需少量采购，新单成交一般。华泰期货分析，需持续关注江西环保影响及下游排产情况。现货价格偏强运行，现货端情绪有所好转，盐厂挺价情绪浓厚，贸易商捂货惜售，节后生产企业开工率仍较低，下游刚需补库导致流通现货比较偏紧。近期上涨主要受供应端扰动及消费端复苏对情绪的影响，短期现货价格或继续走强。但仓单及总库存压力仍在，会对上涨形成一定阻力。　张维鑫说，“目前价格上涨的主要推力来自于资金层面，而资金的做多意愿则来自于一些利好预期，包括环保、减产、政策及降价带来的需求增长预期，但从目前来看，以上利好仍然只是预期事件，最终的影响可能远不及预期。”。铜冠金源期货与张维鑫的结论非常相似，该公司认为，海外资源端多空并进，锂矿价格无明显变动。澳矿企业仍在减产、停产、降本的道路上前行，而非洲、南美则持续放量，资源端扰动力度预期有限。叠加国内冶炼端锂精矿库存充裕，成本端预期稳定。环保督察即将在3月入住宜春，调研反馈对企业生产影响有限。盐湖锂随着气温回暖产量预期有所修复，但增量重点仍在锂精矿和锂云母。而当前硬岩工艺产能利用率绝对低位，价格对供给调节的弹性预期较强。　碳酸锂还有“最后的疯狂”？　展望后市，张维鑫认为，从趋势来看，基本面维持宽松的可能性较大，随着价格上涨，产业端的套保力量增强，将限制盘面上行空间。碳酸锂继续上行空间不宜乐观，但不能排除市场出现“最后的疯狂”，短时间进一步冲高。　建信期货则分析，锂价已经提前反弹，高价锂在现货端面临阻力，正极厂观望情绪尚未改变，而且上游锂矿产能出清进程将无法在高价锂下进行，因此锂价反弹的趋势难以持续。　“供应端有一定扰动，需求端有一定支撑，资金面与情绪面带来价格上涨告一段落，重回基本面逻辑，供给过剩格局不变。”宏源期货王文虎预计，短期价格将偏弱震荡，中长期需观察终端需求落地情况。　恒力期货董嘉奕说，现货方面，部分贸易商依旧有挺价心理，但是下游产业目前没有补库需求，成交分歧较大。海外澳矿价格继续小幅上升。下游材料厂和电池厂排产环比增加较明显，但属于正常周期的环比增长，未有超预期的部分。下游企业在满足自身的生产需求后，对额外的碳酸锂原材料没有囤货的意愿，故采购需求已接近尾声，建议短期偏空观望。主力合约或进入震荡下行的趋势。　不过，有业内人士表示，“过山车”行情是短线投资者比较喜欢的行情，但他同时提醒，面对碳酸锂期货市场的波动，投资者们需要保持冷静，理性对待。虽然市场的变化时刻都可能会给投资者带来不小的压力和挑战，但也正是这种变化，为投资者提供了把握时机、获取收益的机会。（责任编辑：曹言言HA008）,近期，碳酸锂期货市场掀起了一场惊涛骇浪般的波澜。从涨势如虹到跌宕起伏，碳酸锂期货价格经历了一场“过山车”般的行情，引发了广泛的关注和热议。碳酸锂作为重要锂盐化合物，一直以来都备受市场追捧。随着新能源汽车产业的快速发展以及电池需求的增长，碳酸锂的需求持续走高，市场前景一片看好。然而，最近碳酸锂期货价格的起伏却让人始料未及。春节以后，碳酸锂期货价格一路飙升，吸引了大量资金涌入市场，投资者们对市场前景信心满满。碳酸锂缘何节后大涨大跌？有市场人士分析，环保督察事件影响持续发酵，提锂尾渣消纳要求或收严，叠加前期澳矿减产及下调精矿销量指引等影响下，锂盐供应不确定性或有所增大，短期看涨情绪浓厚。“在确认澳矿减产态度后，碳酸锂价格阶段性底部已基本可以确认，在‘两会环保+刚需补库+外矿企稳’等因素综合影响下，短期价格仍有一定上涨空间，但反转条件尚不具备。”申银万国期货唐广华表示，虽然3月有电池厂排产计划传出，锂电需求可能恢复外，碳酸锂价格反弹强度还取决于碳酸锂企业开工恢复情况、澳洲其它矿企是否会跟进减产，特别是皮矿，更重要的是，两会能带给新能源行业多大的预期，能否重演去年4月的绝地反击，预计下周能见分晓。中信建投(601066)期货张维鑫认为，从价格层面来说，受期货连续大幅上涨影响，现货端锂盐、锂矿、废旧电池价格均有明显上涨，期现能否继续共振将决定本轮行情高点。需要注意的是，周度产量中的云母和锂辉石产碳酸锂增长，1月澳大利亚德(300296)黑兰出口中国锂矿大幅增长，国内上游锂盐库存继续增加，这些都是潜在的利空，它们意味着基本面可能难以出现紧张局面。铜冠金源期货与张维鑫的结论非常相似，该公司认为，海外资源端多空并进，锂矿价格无明显变动。叠加国内冶炼端锂精矿库存充裕，成本端预期稳定。盐湖锂随着气温回暖产量预期有所修复，但增量重点仍在锂精矿和锂云母。碳酸锂还有“最后的疯狂”？碳酸锂继续上行空间不宜乐观，但不能排除市场出现“最后的疯狂”，短时间进一步冲高。建信期货则分析，锂价已经提前反弹，高价锂在现货端面临阻力，正极厂观望情绪尚未改变，而且上游锂矿产能出清进程将无法在高价锂下进行，因此锂价反弹的趋势难以持续。下游企业在满足自身的生产需求后，对额外的碳酸锂原材料没有囤货的意愿，故采购需求已接近尾声，建议短期偏空观望。不过，有业内人士表示，“过山车”行情是短线投资者比较喜欢的行情，但他同时提醒，面对碳酸锂期货市场的波动，投资者们需要保持冷静，理性对待。,[CLS]近期，碳酸锂期货市场掀起了一场惊涛骇浪般的波澜。[SEP]从涨势如虹到跌宕起伏，碳酸锂期货价格经历了一场“过山车”般的行情，引发了广泛的关注和热议。[SEP]这一连串的价格波动，让投资者们心情沉浸在一种不确定的氛围中，行业专家们也纷纷展开热烈的讨论和分析。[SEP]碳酸锂作为重要锂盐化合物，一直以来都备受市场追捧。[SEP]随着新能源汽车产业的快速发展以及电池需求的增长，碳酸锂的需求持续走高，市场前景一片看好。[SEP]然而，最近碳酸锂期货价格的起伏却让人始料未及。[SEP]春节以后，碳酸锂期货价格一路飙升，吸引了大量资金涌入市场，投资者们对市场前景信心满满。[SEP]然而，就在市场乐观情绪达到高潮之际，价格突然出现了急剧回落的迹象。[SEP]这一波突如其来的跌势让市场陷入了一片混乱之中，投资者们心情瞬间从亢奋转为焦虑。[SEP]这次价格波动的背后究竟隐藏了哪些因素？[SEP]是供应链问题导致的供应紧张，还是市场需求出现了变化？[SEP]专家们纷纷就此展开深入分析，并对未来市场走势进行了猜测和预测。[SEP]碳酸锂缘何节后大涨大跌？[SEP]节后开工率相对偏低，江西部分厂商因环保因素影响暂停开工，部分大型企业例行检修，江西地区周产量有所下降。[SEP]有市场人士分析，环保督察事件影响持续发酵，提锂尾渣消纳要求或收严，叠加前期澳矿减产及下调精矿销量指引等影响下，锂盐供应不确定性或有所增大，短期看涨情绪浓厚。[SEP]“在确认澳矿减产态度后，碳酸锂价格阶段性底部已基本可以确认，在‘两会环保+刚需补库+外矿企稳’等因素综合影响下，短期价格仍有一定上涨空间，但反转条件尚不具备。[SEP]”申银万国期货唐广华表示，虽然3月有电池厂排产计划传出，锂电需求可能恢复外，碳酸锂价格反弹强度还取决于碳酸锂企业开工恢复情况、澳洲其它矿企是否会跟进减产，特别是皮矿，更重要的是，两会能带给新能源行业多大的预期，能否重演去年4月的绝地反击，预计下周能见分晓。[SEP]中信建投(601066)期货张维鑫认为，从价格层面来说，受期货连续大幅上涨影响，现货端锂盐、锂矿、废旧电池价格均有明显上涨，期现能否继续共振将决定本轮行情高点。[SEP]需要注意的是，周度产量中的云母和锂辉石产碳酸锂增长，1月澳大利亚德(300296)黑兰出口中国锂矿大幅增长，国内上游锂盐库存继续增加，这些都是潜在的利空，它们意味着基本面可能难以出现紧张局面。[SEP]此外，1月份及2月份汽车消费数据进一步披露，1月份渗透率下滑较大，2月份环比降幅较大，开年新能源市场表现并不乐观。[SEP]消息面对市场影响几何？[SEP]盐厂挺价意愿强烈，多数下游仅维持刚需少量采购，新单成交一般。[SEP]华泰期货分析，需持续关注江西环保影响及下游排产情况。[SEP]现货价格偏强运行，现货端情绪有所好转，盐厂挺价情绪浓厚，贸易商捂货惜售，节后生产企业开工率仍较低，下游刚需补库导致流通现货比较偏紧。[SEP]近期上涨主要受供应端扰动及消费端复苏对情绪的影响，短期现货价格或继续走强。[SEP]但仓单及总库存压力仍在，会对上涨形成一定阻力。[SEP]张维鑫说，“目前价格上涨的主要推力来自于资金层面，而资金的做多意愿则来自于一些利好预期，包括环保、减产、政策及降价带来的需求增长预期，但从目前来看，以上利好仍然只是预期事件，最终的影响可能远不及预期。[SEP]”。[SEP]铜冠金源期货与张维鑫的结论非常相似，该公司认为，海外资源端多空并进，锂矿价格无明显变动。[SEP]澳矿企业仍在减产、停产、降本的道路上前行，而非洲、南美则持续放量，资源端扰动力度预期有限。[SEP]叠加国内冶炼端锂精矿库存充裕，成本端预期稳定。[SEP]环保督察即将在3月入住宜春，调研反馈对企业生产影响有限。[SEP]盐湖锂随着气温回暖产量预期有所修复，但增量重点仍在锂精矿和锂云母。[SEP]而当前硬岩工艺产能利用率绝对低位，价格对供给调节的弹性预期较强。[SEP]碳酸锂还有“最后的疯狂”？[SEP]展望后市，张维鑫认为，从趋势来看，基本面维持宽松的可能性较大，随着价格上涨，产业端的套保力量增强，将限制盘面上行空间。[SEP]碳酸锂继续上行空间不宜乐观，但不能排除市场出现“最后的疯狂”，短时间进一步冲高。[SEP]建信期货则分析，锂价已经提前反弹，高价锂在现货端面临阻力，正极厂观望情绪尚未改变，而且上游锂矿产能出清进程将无法在高价锂下进行，因此锂价反弹的趋势难以持续。[SEP]“供应端有一定扰动，需求端有一定支撑，资金面与情绪面带来价格上涨告一段落，重回基本面逻辑，供给过剩格局不变。[SEP]”宏源期货王文虎预计，短期价格将偏弱震荡，中长期需观察终端需求落地情况。[SEP]恒力期货董嘉奕说，现货方面，部分贸易商依旧有挺价心理，但是下游产业目前没有补库需求，成交分歧较大。[SEP]海外澳矿价格继续小幅上升。[SEP]下游材料厂和电池厂排产环比增加较明显，但属于正常周期的环比增长，未有超预期的部分。[SEP]下游企业在满足自身的生产需求后，对额外的碳酸锂原材料没有囤货的意愿，故采购需求已接近尾声，建议短期偏空观望。[SEP]主力合约或进入震荡下行的趋势。[SEP]不过，有业内人士表示，“过山车”行情是短线投资者比较喜欢的行情，但他同时提醒，面对碳酸锂期货市场的波动，投资者们需要保持冷静，理性对待。[SEP]虽然市场的变化时刻都可能会给投资者带来不小的压力和挑战，但也正是这种变化，为投资者提供了把握时机、获取收益的机会。[SEP]（责任编辑：曹言言HA008）[SEP],[CLS]近期，碳酸锂期货市场掀起了一场惊涛骇浪般的波澜。[SEP]从涨势如虹到跌宕起伏，碳酸锂期货价格经历了一场“过山车”般的行情，引发了广泛的关注和热议。[SEP]碳酸锂作为重要锂盐化合物，一直以来都备受市场追捧。[SEP]随着新能源汽车产业的快速发展以及电池需求的增长，碳酸锂的需求持续走高，市场前景一片看好。[SEP]然而，最近碳酸锂期货价格的起伏却让人始料未及。[SEP]春节以后，碳酸锂期货价格一路飙升，吸引了大量资金涌入市场，投资者们对市场前景信心满满。[SEP]碳酸锂缘何节后大涨大跌？[SEP]有市场人士分析，环保督察事件影响持续发酵，提锂尾渣消纳要求或收严，叠加前期澳矿减产及下调精矿销量指引等影响下，锂盐供应不确定性或有所增大，短期看涨情绪浓厚。[SEP]“在确认澳矿减产态度后，碳酸锂价格阶段性底部已基本可以确认，在‘两会环保+刚需补库+外矿企稳’等因素综合影响下，短期价格仍有一定上涨空间，但反转条件尚不具备。[SEP]”申银万国期货唐广华表示，虽然3月有电池厂排产计划传出，锂电需求可能恢复外，碳酸锂价格反弹强度还取决于碳酸锂企业开工恢复情况、澳洲其它矿企是否会跟进减产，特别是皮矿，更重要的是，两会能带给新能源行业多大的预期，能否重演去年4月的绝地反击，预计下周能见分晓。[SEP]中信建投(601066)期货张维鑫认为，从价格层面来说，受期货连续大幅上涨影响，现货端锂盐、锂矿、废旧电池价格均有明显上涨，期现能否继续共振将决定本轮行情高点。[SEP]需要注意的是，周度产量中的云母和锂辉石产碳酸锂增长，1月澳大利亚德(300296)黑兰出口中国锂矿大幅增长，国内上游锂盐库存继续增加，这些都是潜在的利空，它们意味着基本面可能难以出现紧张局面。[SEP]铜冠金源期货与张维鑫的结论非常相似，该公司认为，海外资源端多空并进，锂矿价格无明显变动。[SEP]叠加国内冶炼端锂精矿库存充裕，成本端预期稳定。[SEP]盐湖锂随着气温回暖产量预期有所修复，但增量重点仍在锂精矿和锂云母。[SEP]碳酸锂还有“最后的疯狂”？[SEP]碳酸锂继续上行空间不宜乐观，但不能排除市场出现“最后的疯狂”，短时间进一步冲高。[SEP]建信期货则分析，锂价已经提前反弹，高价锂在现货端面临阻力，正极厂观望情绪尚未改变，而且上游锂矿产能出清进程将无法在高价锂下进行，因此锂价反弹的趋势难以持续。[SEP]下游企业在满足自身的生产需求后，对额外的碳酸锂原材料没有囤货的意愿，故采购需求已接近尾声，建议短期偏空观望。[SEP]不过，有业内人士表示，“过山车”行情是短线投资者比较喜欢的行情，但他同时提醒，面对碳酸锂期货市场的波动，投资者们需要保持冷静，理性对待。[SEP]
碳酸锂短期内维持偏弱走势 工业硅后期或有补库需求,2024-03-07 08:35:09,新浪网,和讯网,锂/铝,931,"作者：国信期货。【碳酸锂】周二，碳酸锂期现走势劈叉，盘面大幅下挫，主力合约收盘于111550元/吨，日跌幅7.16%，持仓量减少5827手。现货价格方面，据SMM显示，碳酸锂(99.5%电池级/国产)报10.75万元/吨，上涨1500元;电碳成交价格多在10.3万元/吨-11.2万元/吨、工碳在9.2万元/吨-10.3万元/吨，工电碳价差走阔，基差大幅走强。仓单及交割情况来说，截至3月2日，仓单注册量为15330吨。现货市场来看，今日散单报价仍有所抬升，但下游正极受利润低位和此前库存补充两方因素影响、现在无大量备库需求。此外，据智利海关数据，智利2月出口锂盐到中国约1.6万吨、同环比皆增超63%，考虑运输周期后预计将对3月我国碳酸锂供应形成一定压力。展望后市，预计碳酸锂价格将短期内维持偏弱走势，操作建议逢高沽空为主，但需控制仓位谨慎参与。【工业硅】周二工业硅主力合约移仓至Si2405，较前一交易日下跌0.48%，收盘于13395元/吨。今日现货市场交投冷清，港口成交重心小幅下移。供给端，西南地区停炉数量略有增加;北方部分限负荷生产企业已解除管控，除昌吉州以外企业陆续复产，部分企业计划3月初或中旬复产;中频炉企业也有复产;工业硅周度产量上行。需求端，多晶硅价格节后持稳，N型料需求旺盛，多晶硅产量持续上行，多晶硅对工业硅需求稳步增加。有机硅DMC价格近期大幅上涨，单体企业开工率或上行，对工业硅后期可能有补库需求;铝合金需求逐步恢复中。工业硅整体需求改善，厂库去化，虽然现货价格仍在下行，但因高基差期货盘面已经具有比较好的性价比，建议逢低做多。【铝、氧化铝】周二，沪铝震荡偏强上涨,氧化铝震荡偏弱。现货方面，3月5日A00铝锭现货价格19030，涨90;华南19020，涨90;中原18920，涨80(单位：元/吨)。铝方面，短期内云南电解铝复产可能性不大，供应持稳，现货市场拿货积极性较好，低库存及旺季需求预期对铝价支撑较强。关注库存拐点的到来。预计沪铝震荡偏强，可适当逢低买入。氧化铝方面，现货市场活跃度回暖，北方现货价格偏弱，带动均价下行。当前氧化铝供需变化不大，预计氧化铝震荡，生产企业锁定利润，单边暂时观望。（责任编辑：曹言言HA008）",【碳酸锂】周二，碳酸锂期现走势劈叉，盘面大幅下挫，主力合约收盘于111550元/吨，日跌幅7.16%，持仓量减少5827手。现货价格方面，据SMM显示，碳酸锂(99.5%电池级/国产)报10.75万元/吨，上涨1500元;电碳成交价格多在10.3万元/吨-11.2万元/吨、工碳在9.2万元/吨-10.3万元/吨，工电碳价差走阔，基差大幅走强。此外，据智利海关数据，智利2月出口锂盐到中国约1.6万吨、同环比皆增超63%，考虑运输周期后预计将对3月我国碳酸锂供应形成一定压力。展望后市，预计碳酸锂价格将短期内维持偏弱走势，操作建议逢高沽空为主，但需控制仓位谨慎参与。,"[CLS]作者：国信期货。[SEP]【碳酸锂】周二，碳酸锂期现走势劈叉，盘面大幅下挫，主力合约收盘于111550元/吨，日跌幅7.16%，持仓量减少5827手。[SEP]现货价格方面，据SMM显示，碳酸锂(99.5%电池级/国产)报10.75万元/吨，上涨1500元;电碳成交价格多在10.3万元/吨-11.2万元/吨、工碳在9.2万元/吨-10.3万元/吨，工电碳价差走阔，基差大幅走强。[SEP]仓单及交割情况来说，截至3月2日，仓单注册量为15330吨。[SEP]现货市场来看，今日散单报价仍有所抬升，但下游正极受利润低位和此前库存补充两方因素影响、现在无大量备库需求。[SEP]此外，据智利海关数据，智利2月出口锂盐到中国约1.6万吨、同环比皆增超63%，考虑运输周期后预计将对3月我国碳酸锂供应形成一定压力。[SEP]展望后市，预计碳酸锂价格将短期内维持偏弱走势，操作建议逢高沽空为主，但需控制仓位谨慎参与。[SEP]【工业硅】周二工业硅主力合约移仓至Si2405，较前一交易日下跌0.48%，收盘于13395元/吨。[SEP]今日现货市场交投冷清，港口成交重心小幅下移。[SEP]供给端，西南地区停炉数量略有增加;北方部分限负荷生产企业已解除管控，除昌吉州以外企业陆续复产，部分企业计划3月初或中旬复产;中频炉企业也有复产;工业硅周度产量上行。[SEP]需求端，多晶硅价格节后持稳，N型料需求旺盛，多晶硅产量持续上行，多晶硅对工业硅需求稳步增加。[SEP]有机硅DMC价格近期大幅上涨，单体企业开工率或上行，对工业硅后期可能有补库需求;铝合金需求逐步恢复中。[SEP]工业硅整体需求改善，厂库去化，虽然现货价格仍在下行，但因高基差期货盘面已经具有比较好的性价比，建议逢低做多。[SEP]【铝、氧化铝】周二，沪铝震荡偏强上涨,氧化铝震荡偏弱。[SEP]现货方面，3月5日A00铝锭现货价格19030，涨90;华南19020，涨90;中原18920，涨80(单位：元/吨)。[SEP]铝方面，短期内云南电解铝复产可能性不大，供应持稳，现货市场拿货积极性较好，低库存及旺季需求预期对铝价支撑较强。[SEP]关注库存拐点的到来。[SEP]预计沪铝震荡偏强，可适当逢低买入。[SEP]氧化铝方面，现货市场活跃度回暖，北方现货价格偏弱，带动均价下行。[SEP]当前氧化铝供需变化不大，预计氧化铝震荡，生产企业锁定利润，单边暂时观望。[SEP]（责任编辑：曹言言HA008）[SEP]",[CLS]【碳酸锂】周二，碳酸锂期现走势劈叉，盘面大幅下挫，主力合约收盘于111550元/吨，日跌幅7.16%，持仓量减少5827手。[SEP]现货价格方面，据SMM显示，碳酸锂(99.5%电池级/国产)报10.75万元/吨，上涨1500元;电碳成交价格多在10.3万元/吨-11.2万元/吨、工碳在9.2万元/吨-10.3万元/吨，工电碳价差走阔，基差大幅走强。[SEP]此外，据智利海关数据，智利2月出口锂盐到中国约1.6万吨、同环比皆增超63%，考虑运输周期后预计将对3月我国碳酸锂供应形成一定压力。[SEP]展望后市，预计碳酸锂价格将短期内维持偏弱走势，操作建议逢高沽空为主，但需控制仓位谨慎参与。[SEP]